CD Rank,State,Colleges,Institution Type,Intake AY 2024-25,Intake AY 2025-26,Remarks
1,"Andaman &
Nicobar","Andaman & Nicobar Islands Institute of
Medical Sciences, Port Blair",Govt.,114,114,
2,Andhra Pradesh,ACSR Govt Medical COllege Nellore,Govt.,175,175,
3,Andhra Pradesh,"All India Institute of Medical Sciences,
Mangalagiri, Vijayawada",Govt.,125,125,
4,Andhra Pradesh,"Alluri Sitaram Raju Academy of Medical
Sciences, Eluru",Trust,250,250,
5,Andhra Pradesh,"Andhra Medical College, Visakhapatnam",Govt.,250,250,
6,Andhra Pradesh,"Apollo Institute of Medical Sciences and
Research, Chittoor",Society,150,150,
7,Andhra Pradesh,"Dr. P.S.I. Medical College , Chinoutpalli",Trust,150,150,
8,Andhra Pradesh,"Fathima Instt. of Medical Sciences,Kadapa",Trust,100,100,
9,Andhra Pradesh,"Gayathri Vidya Parishad Institute of Health
Care & Medical Technology, Visakhapa",Society,200,200,
10,Andhra Pradesh,"GITAM Institute of Medical Sciences and
Research, Visakhapatnam",Private,150,150,
11,Andhra Pradesh,"Goverment Medical College, Kadapa",Govt.,175,175,
12,Andhra Pradesh,"GOVERNMENT MEDICAL COLLEGE
MACHILIPATNAM",Govt.,150,150,
13,Andhra Pradesh,"GOVERNMENT MEDICAL COLLEGE
RAJAMAHENDRAVARAM ANDHRA
PRADESH",Govt.,150,150,
14,Andhra Pradesh,Government Medical College Srikakulam,Govt.,200,200,
15,Andhra Pradesh,"Government Medical College,
Anantapuramu",Govt.,200,200,
16,Andhra Pradesh,"GOVERNMENT MEDICAL COLLEGE, ELURU,
AP",Govt.,150,150,
17,Andhra Pradesh,"Government medical college, Nandyal,
Andhra Pradesh",Govt.,150,150,
18,Andhra Pradesh,"Government Medical College, Paderu,
Visakhapatnam, AP",Govt.,50,50,
19,Andhra Pradesh,GOVERNMENT MEDICAL COLLEGE-VIZIANAGARAM,Govt.,150,150,
20,Andhra Pradesh,"Government Siddhartha Medical College,
Vijayawada",Govt.,175,175,
21,Andhra Pradesh,"Great Eastern Medical School and
Hospital,Srikakulam",Trust,150,150,
22,Andhra Pradesh,"GSL Medical College, Rajahmundry",Trust,250,250,
23,Andhra Pradesh,"Guntur Medical College, Guntur",Govt.,250,250,
24,Andhra Pradesh,"Katuri Medical College, Guntur",Trust,150,150,
25,Andhra Pradesh,"Konaseema Institute of Medical Sciences
& Research Foundation, Amalapuram",Trust,200,200,
26,Andhra Pradesh,"Kurnool Medical College, Kurnool",Govt.,250,250,
27,Andhra Pradesh,"Maharajah Institute of Medical Sciences,
Vizianagaram",Trust,200,200,
28,Andhra Pradesh,"Narayana Medical College, Nellore",Trust,250,250,
29,Andhra Pradesh,"Nimra Institute of Medical Sciences,
Krishna Dist., A.P.",Society,150,200,
30,Andhra Pradesh,"NRI Institute of Medical Sciences,
Visakhapatnam",Trust,150,250,
31,Andhra Pradesh,"NRI Medical College, Guntur",Trust,200,200,
32,Andhra Pradesh,"P E S Institute Of Medical Sciences and
Research, Kuppam",Trust,150,150,
33,Andhra Pradesh,"Governmet Medical College, Ongole
(previously, Rajiv Gandhi Institute of
Medical Sciences,Ongole, AP)",Govt.,120,150,
34,Andhra Pradesh,"RANGARAYA MEDICAL COLLEGE,
KAKINADA",Govt.,250,250,
35,Andhra Pradesh,"S V Medical College, Tirupati",Govt.,240,240,
36,Andhra Pradesh,"Santhiram Medical College, Nandyal",Trust,150,250,
37,Andhra Pradesh,"Sri Balaji Medical College Hospital and
Research Institute Tirupati",Trust,150,150,
38,Andhra Pradesh,"SVIMS-SRI PADMAVATHI MEDICAL
COLLEGE FOR WOMEN, SVIMS CAMPUS,
ALIPIRI ROAD, TIRU",Govt.,175,175,
39,Andhra Pradesh,"Viswabharathi Medical College, Kurnool",Society,250,250,
40,Andhra Pradesh,Anna Gowri Medical College and Hospital,Private,0,150,"Approval for New
Establishment
during AY:2025-26"
41,Arunachal Pradesh,"Tomo Riba Institute of Health & Medical
Sciences, Naharlagun",Govt.,100,100,
42,Assam,"All India Institute of Medical Sciences,
Guwahati",Govt.,50,100,
43,Assam,ASSAM MEDICAL COLLEGE,Govt.,200,250,
44,Assam,"Dhubri Medical College, Dhubri",Govt.,100,100,
45,Assam,Diphu Medical College,Govt.,100,100,
46,Assam,"ESIC Medical College and Hospital,
Beltola",Govt.,0,50,"Approval for New
Establishment
during AY:2025-26"
47,Assam,Fakhruddin Ali Ahmed Medical College,Govt. (Society),125,125,
48,Assam,"Gauhati Medical College, Guwahati",Govt.,200,250,
49,Assam,Jorhat Medical College and Hospital,Govt.,125,125,
50,Assam,"Kokrajhar Medical College, Assam",Govt.,100,100,
51,Assam,LAKHIMPUR MEDICAL COLLEGE,Govt.,100,100,
52,Assam,Nagaon Medical College,Govt.,100,100,
53,Assam,"Nalbari Medical College and Hospital,
Assam",Govt.,100,100,
54,Assam,"Silchar Medical College, Silchar",Govt.,125,150,
55,Assam,Tezpur Medical College,Govt.,125,125,
56,Assam,Tinsukia Medical College,Govt.,100,100,
57,Assam,Pragjyotishpur Medical College,Govt.,0,100,"Approval for New
Establishment
during AY:2025-26"
58,Bihar,"All India Institute of Medical Sciences,
Patna",Govt.,125,125,
59,Bihar,"Anugrah Narayan Magadh Medical
College, Gaya",Govt.,120,120,
60,Bihar,"Bhagwan Mahavir Institute of Medical
Sciences, Pawapuri, Nalanda",Govt.,120,120,
61,Bihar,"Darbhanga Medical College, Lehriasarai",Govt.,120,120,
62,Bihar,"Employees State Insurance Corporation
Medical College, Bihta, Patna",Govt.,100,100,
63,Bihar,Government Medical College Purnea,Govt.,100,100,
64,Bihar,"Government Medical College, Bettiah",Govt.,120,120,
65,Bihar,"Himalaya Medical College and Hospital,
Patna, Bihar",Trust,100,150,
66,Bihar,"Indira Gandhi Institute of Medical
Sciences,Sheikhpura, Patna",Govt.,150,150,
67,Bihar,"JANNAYAK KARPOORI THAKUR MEDICAL
COLLEGE AND HOSPITAL, MADHEPURA,
BIHAR",Govt.,100,100,
68,Bihar,"Jawaharlal Nehru Medical College,
Bhagalpur",Govt.,120,120,
69,Bihar,"Katihar Medical College, Katihar",Trust,150,200,
70,Bihar,"Lord Buddha Koshi Medical College and
Hospital, Saharsa",Trust,150,150,
71,Bihar,"Madhubani Medical College, Madhubani",Trust,150,250,
72,Bihar,"Mata Gujri Memorial Medical College
KISHANGANJ",Trust,150,150,
73,Bihar,"Nalanda Medical College, Patna",Govt.,150,150,
74,Bihar,"Narayan Medical College & Hospital,
Sasaram",Trust,250,250,
75,Bihar,"Netaji Subhas Medical College & Hospital,
Amhara, Bihta, Patna",Society,100,150,
76,Bihar,"Patna Medical College, Patna",Govt.,200,200,
77,Bihar,"Radha Devi Jageshwari Memorial
Medical College and Hospital",Society,150,200,
78,Bihar,"Shree Narayan Medical Institute and
Hospital",Trust,150,150,
79,Bihar,"Shri Krishna Medical College, Muzzafarpur",Govt.,120,120,
80,Bihar,MAHABODHI MEDICAL COLLEGE & HOSPITAL,Private,0,100,"Approval for New
Establishment
during AY:2025-26"
81,Bihar,"SHYAMLAL CHANDRASHEKHAR MEDICAL
COLLEGE & S P N M HOPSITAL",Private,0,100,"Approval for New
Establishment
during AY:2025-26"
82,Bihar,"VIRAAT RAMAYAN INSTITUTE OF MEDICAL
SCIENCES",COMPANY,0,50,"Approval for New
Establishment
during AY:2025-26"
83,Chandigarh,"Government Medical College, Chandigarh",Govt.,150,150,
84,Chattisgarh,"All India Institute of Medical Sciences,
Raipur",Govt.,125,125,
85,Chattisgarh,"ABHISHEK I MISHRA MEMORIAL MEDICAL
COLLEGE AND RESEARCH, DURG,
CHHATTISGARH",Private,100,150,
86,Chattisgarh,"Chandulal Chandrakar Memorial Medical
College, Durg",Govt.,200,200,
87,Chattisgarh,"Chhattisgarh Institute of Medical Sciences,
Bilaspur",Govt.,150,150,
88,Chattisgarh,"Government Medical College (Bharat
Ratna Shri Atal Bihari Vajpyee Memorial
Med.",Govt.,125,125,
89,Chattisgarh,"Government Medical College, Ambikapur
(Surguja), Chhattisgarh",Govt.,125,125,
90,Chattisgarh,"Government Medical College, Kanker",Govt.,125,125,
91,Chattisgarh,"Govt Medical College, Mahasamund",Govt.,125,125,
92,Chattisgarh,"Late Shri Baliram Kashyap Memorial
NDMC Govt. Medical College, Jagdalpur",Govt.,125,125,
93,Chattisgarh,"Late Shri Lakhi Ram Agrawal Memorial
Govt. Medical College, Raigarh",Govt.,100,100,
94,Chattisgarh,"Late. Bisahu Das Mahant Memorial
Medical College Korba C.G.",Govt.,125,125,
95,Chattisgarh,"Pt. J N M Medical College, Raipur",Govt.,230,230,
96,Chattisgarh,"Raipur Institute of Medical Sciences
(RIMS), Raipur",Society,150,150,
97,Chattisgarh,Shri Balaji Institute of Medical Science,Society,150,250,
98,Chattisgarh,"SHRI RAWATPURA SARKAR INSTITUTE OF
MEDICAL SCIENCES AND RESEARCH,
RAIPUR, CHHATT",Trust,150,100,
99,Chattisgarh,"SHRI SHANKARACHARYA INSTITUTE OF
MEDICAL SCIENCES",Society,150,250,
100,"Dadra and Nagar
Haveli","NAMO Medical Education and Research
Institute, Silvassa",Govt.,177,177,
101,Delhi,"All India Institute of Medical Sciences,
New Delhi",Govt.,132,132,
102,Delhi,"Army College of Medical Sciences, New
Delhi",Trust,100,100,
103,Delhi,"Atal Bihari Vajpayee Institute of Medical
Sciences & Dr. Ram Manohar Lohia Hospi",Govt.,100,100,
104,Delhi,"Dr. Baba Saheb Ambedkar Medical
College, Rohini, Delhi",Govt.,125,125,
105,Delhi,"Hamdard Institute of Medical Sciences &
Research, Guru Ravidas marg, Hamdard
Nag",Society,150,0,"Due to Pending
Court Matter"
106,Delhi,"Lady Hardinge Medical College, New Delhi",Govt.,240,240,
107,Delhi,"Maulana Azad Medical College, New Delhi",Govt.,250,250,
108,Delhi,"North Delhi Muncipal Corporation Medical
College, Delhi",Govt.,60,60,
109,Delhi,"University College of Medical Sciences &
GTB Hospital, New Delhi",Govt.,170,169,
110,Delhi,"Vardhaman Mahavir Medical College and
Safdarjung Hospital",Govt.,170,170,
111,Delhi,"ESIC Medical College & Hospital, Basaidarapur,
New Delhi",Govt.,0,50,"Approval for New
Establishment
during AY:2025-26"
112,Goa,"Goa Medical College, Panaji",Govt.,200,200,
113,Gujarat,"All India Institute of Medical Sciences,
Rajkot",Govt.,50,75,
114,Gujarat,"Ananya College of Medicine & Research,
Kalol, Gujarat",Trust,150,150,
115,Gujarat,"B.J. MEDICAL COLLEGE, AHMEDABAD",Govt.,250,250,
116,Gujarat,"Banas Medical college and research
institute, Palanpur, Gujarat",Trust,200,200,
117,Gujarat,Bhagyoday Medical College,Trust,100,100,
118,Gujarat,C. U. Shah Medical College,Trust,100,100,
119,Gujarat,"Dr. M.K. Shah Medical College & Research
Centre, Ahmedabad",Trust,250,250,
120,Gujarat,"Dr. N D Desai Faculty of Medical Science &
Research",Private,150,150,
121,Gujarat,"Dr.Kiran C.Patel Medical College and
Research Institute",Trust,200,150,
122,Gujarat,"GCS Medical College, Ahmedabad",Trust,150,200,
123,Gujarat,GMERS MEDICAL COLLEGE GANDHINAGAR,Govt. (Society),200,200,
124,Gujarat,"GMERS MEDICAL COLLEGE GOTRI
VADODARA",Govt. (Society),200,200,
125,Gujarat,GMERS Medical College Morbi,Govt.,100,100,
126,Gujarat,"GMERS Medical College Panchmahal
Godhra",Govt.,100,100,
127,Gujarat,"GMERS Medical College, Dharpur Patan",Govt. (Society),200,200,
128,Gujarat,"GMERS Medical College, Hadiyol,
Himmatnagar",Govt. (Society),200,200,
129,Gujarat,"GMERS Medical College, Junagadh",Govt. (Society),200,200,
130,Gujarat,"GMERS MEDICAL COLLEGE, NAVSARI",Govt.,100,100,
131,Gujarat,"GMERS Medical College, Porbandar",Govt.,100,100,
132,Gujarat,"GMERS Medical College, Rajpipla",Govt.,100,100,
133,Gujarat,"GMERS Medical College, Sola, Ahmedabad",Govt. (Society),200,200,
134,Gujarat,"GMERS Medical College, Vadnagar,
Mehsana",Govt. (Society),200,200,
135,Gujarat,"GMERS MEDICAL COLLEGE, VALSAD",Govt. (Society),200,200,
136,Gujarat,"Government Medical College, Bhavnagar,
Gujarat",Govt.,200,200,
137,Gujarat,"Government Medical College, Surat",Govt.,250,250,
138,Gujarat,"Gujarat Adani Institute of Medical
Sciences, Bhuj",Trust,150,150,
139,Gujarat,"KIRAN MEDICAL COLLEGE, SURAT,
GUJARAT",Trust,150,150,
140,Gujarat,"MEDICAL COLLEGE, BARODA",Govt.,250,250,
141,Gujarat,"MP SHAH MEDICAL COLLEGE, JAMNAGAR",Govt.,250,250,
142,Gujarat,"Narendra Modi Medical College,
Ahmedabad",Govt.,200,200,
143,Gujarat,"Nootan Medical College and Research
Centre, Mehsana",Trust,150,150,
144,Gujarat,"Pandit deendayal Upadhyay Medical
College, Rajkot",Govt.,200,200,
145,Gujarat,"Parul Institute of Medical Sciences &
Research, Vadodara",Private,150,200,
146,Gujarat,Pramukhswami Medical College,Trust,150,150,
147,Gujarat,"SAL Institute of Medical Sciences,
Ahmadabad",Trust,150,150,
148,Gujarat,"SBKS Medical Instt. & Research Centre,
Vadodra",Trust,250,250,
149,Gujarat,"Shantabaa Medical College, Amreli",Trust,200,150,
150,Gujarat,"Smt. N.H.L.Municipal Medical College,
Ahmedabad",Govt.,250,250,
151,Gujarat,"Surat Municipal Institute of Medical
Education & Research, Surat",Govt.,250,250,
152,Gujarat,"Swaminarayan Institute of Medical
Sciences & Research, Kalol, Gandhinagar,
Gujar",Trust,150,200,"renewal and
increase of seats
subject of review to
the outcome of the
court case and CBI
case"
153,Gujarat,"Zydus Medical College and Hospital,
Dahod",Trust,200,200,
154,Gujarat,"ESIC MEDICAL COLLEGE NARODA
BAPUNAGAR, AHMEDABAD",Govt.,0,50,"Approval for New
Establishment
during AY:2025-26"
155,Gujarat,"Matushri prabhaben khodabhai boghara
medical college & research centre",Private,0,150,"Approval for New
Establishment
during AY:2025-26"
156,Haryana,"Adesh Medical College and Hospital,
Shahabad, Kurukshetra, Haryana",Society,150,250,
157,Haryana,"Al Falah School of Medical Sciences &
Research Centre, Faridabad",Private,150,200,
158,Haryana,"AMRITA SCHOOL OF MEDICINE,
FARIDABAD",Trust,150,150,
159,Haryana,"BPS Government Medical College for
Women, Sonepat",Govt.,120,120,
160,Haryana,"ESIC MEDICAL COLLEGE AND HOSPITAL,
FARIDABAD",Govt.,125,150,
161,Haryana,"Faculty of Medicine and Health Sciences,
Gurgaon (Formarly SGGST Medical College",Trust,150,150,
162,Haryana,"Kalpana Chawala Govt. Medical College,
Karnal, Haryana",Govt.,120,120,
163,Haryana,"M.M. COLLEGE OF MEDICAL SCIENCES &
RESEARCH, AMBALA",Private,150,150,
164,Haryana,"Maharaja Agrasen Medical College,
Agroha",Trust,100,100,
165,Haryana,"Maharishi Markandeshwar Institute Of
Medical Sciences & Research, Mullana,
Ambala",Trust,200,200,
166,Haryana,"N.C. Medical College & Hospital, Panipat",Trust,150,200,
167,Haryana,"Pt B D Sharma Post Graduate Institute of
Medical Sciences, Rohtak",Govt.,250,250,
168,Haryana,"Shaheed Hasan Khan Mewati Government
Medical College, Nalhar",Govt.,120,120,
169,Haryana,"Shri Atal Bihari Vajpayee Government
Medical College, Faridabad",Govt.,100,100,
170,Haryana,"World College of Medical Sciences &
Researc, Jhajjar, Haryana",Trust,150,250,
171,Haryana,"PT NEKI RAM SHARMA GOVERNMENT
MEDICAL COLLEGE, BHIWANI",Govt.,0,100,"Approval for New
Establishment
during AY:2025-26"
172,Haryana,"Maharishi Chyawan Medical College, Koriawas",Govt.,0,100,"Approval for New
Establishment
during AY:2025-26"
173,Himachal Pradesh,"All India Institute of Medical Sciences,
Bilaspur",Govt.,50,100,
174,Himachal Pradesh,"Dr. Radhakrishnan Government Medical
College, Hamirpur, H.P",Govt.,120,120,
175,Himachal Pradesh,"Dr. Rajendar Prasad Government Medical
College, Tanda, H.P",Govt.,120,120,
176,Himachal Pradesh,"Government Medical College, Nahan,
Sirmour H.P.",Govt.,120,120,
177,Himachal Pradesh,"Indira Gandhi Medical College, Shimla",Govt.,120,120,
178,Himachal Pradesh,"MAHARISHI MARKANDESHWAR MEDICAL
COLLEGE & HOSPITAL",Trust,150,150,
179,Himachal Pradesh,"Pt. Jawahar Lal Nehru Government
Medical College, Chamba",Govt.,120,120,
180,Himachal Pradesh,"Shri Lal Bahadur Shastri Government
Medical College, Mandi, HP",Govt.,120,120,
181,Jammu & Kashmir,"All India Institute of Medical Sciences,
Vijaypur",Govt.,62,100,
182,Jammu & Kashmir,"Acharya Shri Chander College of Medical
Sciences, Jammu",Trust,100,150,
183,Jammu & Kashmir,"GOVERNMENT MEDICAL COLLEGE
HANDWARA",Govt.,100,100,
184,Jammu & Kashmir,"Government Medical College, Anantnag",Govt.,100,150,
185,Jammu & Kashmir,"Government Medical College, Baramulla",Govt.,100,150,
186,Jammu & Kashmir,"Government Medical College, Jammu",Govt.,180,201,"one supernumarary
seat for AY:2025-26
only in compliance
order of High Court
Jammu & Kashmir
in writ petition WP
(C) No. 2176 of 2024"
187,Jammu & Kashmir,"Government Medical College, Rajouri, J&K",Govt.,100,100,
188,Jammu & Kashmir,"Government Medical College, Srinagar",Govt.,180,200,
189,Jammu & Kashmir,"Govt Medical College Udhampur, Jammu
& Kashmir",Govt.,100,100,
190,Jammu & Kashmir,GOVT. MEDICAL COLLEGE KATHUA,Govt.,100,150,
191,Jammu & Kashmir,"Govt. Medical College, Doda, Kashmir",Govt.,100,150,
192,Jammu & Kashmir,"Sher-I-Kashmir Instt. Of Medical Sciences,
Srinagar",Govt.,125,125,
193,Jammu & Kashmir,"SHRI MATA VAISHNO DEVI INSTITUTE OF
MEDICAL EXCELLENCE",Private,0,50,"Approval for New
Establishment
during AY:2025-26"
194,Jharkhand,"All India Institute of Medical Sciences,
Deoghar",Govt.,125,125,
195,Jharkhand,"Dumka Medical College, Dighi Dumka",Govt.,100,100,
196,Jharkhand,"HAZARIBAGH MEDICAL COLLEGE
HAZARIBAGH",Govt.,100,100,
197,Jharkhand,"Laxmi Chandravansi Medical College &
Hospital",Trust,100,100,
198,Jharkhand,"M G M Medical College, Jamshedpur",Govt.,100,150,
199,Jharkhand,"Manipal Tata Medical College,Baridih
Jameshedpur",Trust,150,200,
200,Jharkhand,"Medinirai Medical College & Hospital,
Palamu",Govt.,100,100,
201,Jharkhand,"Patliputra Medical College, Dhanbad",Govt.,100,100,
202,Jharkhand,"Rajendra Institute of Medical Sciences,
Ranchi",Govt.,180,180,
203,Jharkhand,"Netaji Subhas Medical College & Hospital,
Seraikala,Jharkhand",Private,0,100,"Approval for New
Establishment
during AY:2025-26"
204,Karnataka,"A J Institute of Medical Sciences &
Research Centre, Mangalore",Trust,200,250,
205,Karnataka,"Adichunchanagiri Institute of Medical
Sciences Bellur",Trust,250,250,
206,Karnataka,"Akash Institute of Medical Sciences &
Research Centre, Devanhalli, Bangalore,
Ka",Trust,150,250,
207,Karnataka,"Al-Ameen Medical College,Bijapur",Trust,150,150,
208,Karnataka,"Bangalore Medical College and Research
Institute Bangalore",Govt.,250,250,
209,Karnataka,"Basaveswara Medical College and
Hospital, Chitradurga",Trust,150,150,
210,Karnataka,"Belagavi Institute of Medical
Sciences,Belagavi, Karnataka",Govt.,150,200,
211,Karnataka,"BGS Global Institute of Medical Sciences,
Bangalore",Trust,150,150,
212,Karnataka,"BGS Medical College and Hospital,
Nagarur, Bengaluru",Private,150,250,
213,Karnataka,"Bidar Institute of Medical Sciences,Bidar",Govt.,150,200,
214,Karnataka,"Chamarajanagar Institute of Medical
sciences, Chamarajanagar",Govt.,150,150,
215,Karnataka,"CHIKKABALLAPUR INSTITUTE OF MEDICAL
SCIENCES",Govt.,100,150,
216,Karnataka,"CHIKKAMAGALURU INSTITUTE OF
MEDICAL SCIENCES, KARNATAKA",Govt.,150,150,
217,Karnataka,"Chitradurga Medical College and Research
Institute, Karnataka",Govt.,150,149,
218,Karnataka,"Dr BR Ambedkar Medical College,
Bangalore",Trust,150,150,
219,Karnataka,"Dr. Chandramma Dayananda Sagar Instt.
of Medical Education & Research,
Harohalli",Trust,150,200,
220,Karnataka,"East Point College of Medical Sciences &
Research Centre, Bangalore",Trust,150,200,
221,Karnataka,"Employees State Insurance Corporation
Medical College, Bangalore",Govt.,150,150,
222,Karnataka,"Employees State Insurance Corporation
Medical College, Kalaburagi, Gulbarga",Govt.,150,150,
223,Karnataka,"Father Mullers Medical College,
Mangalore",Trust,150,150,
224,Karnataka,"Gadag Institute of Medical Sciences,
Mallasamudra, Gadag",Govt.,150,150,
225,Karnataka,"Gulbarga Institute of Medical Sciences,
Gulbarga",Govt.,150,200,
226,Karnataka,"HASSAN INSTITUTE OF MEDICAL SCIENCES,
HASSAN",Govt.,150,200,
227,Karnataka,HAVERI INSTITUTE OF MEDICAL SCIENCES,Govt.,150,150,
228,Karnataka,"Jagadguru Gangadhar Mahaswamigalu
Moorusavirmath Medical College
JGMMMC",Trust,150,200,
229,Karnataka,"Jawaharlal Nehru Medical College,
Belgaum",Trust,200,250,"Increase in seat is
subject to review of
the outcome of
court/CBI case"
230,Karnataka,JJM Medical college,Trust,245,245,
231,Karnataka,"JSS Medical College, Mysore",Trust,250,250,
232,Karnataka,"K V G Medical College, Sullia",Trust,100,150,
233,Karnataka,K.S.HEGDE MEDICAL ACADEMY,Trust,250,250,
234,Karnataka,"Kanachur Institute of Medical Sciences,
Mangalore",Trust,200,200,
235,Karnataka,"Karnataka Institute of Medical Sciences,
Hubballi",Govt.,200,200,
236,Karnataka,"Karwar Institute of Medical Sciences,
Karwar",Govt.,150,150,
237,Karnataka,"KASTURBA MEDICAL COLLEGE
MANGALORE",Trust,250,250,
238,Karnataka,"Kasturba Medical College, Manipal",Trust,250,250,
239,Karnataka,Kempegowda Institute of Medical Sciences,Trust,250,250,
240,Karnataka,"Khaja Bandanawaz University - Faculty of
Medical Sciences, Gulbarga",Trust,150,150,
241,Karnataka,"Kodagu Institute of Medical Sciences,
Kodagu",Govt.,150,150,
242,Karnataka,"Koppal Institute of Medical Sciences,
Koppal",Govt.,150,150,
243,Karnataka,M S RAMAIAH MEDICAL COLLEGE,Trust,150,150,
244,Karnataka,Mahadevappa Rampure Medical College,Trust,150,200,
245,Karnataka,"Mandya Institute of Medical Sciences,
Mandya",Govt.,150,150,
246,Karnataka,"MVJ Medical College and Research
Hospital, Bangalore",Trust,200,250,
247,Karnataka,"MYSORE MEDICAL COLLEGE AND
RESEARCH INSTITUTE, MYSURU",Govt.,200,250,
248,Karnataka,"Navodaya Medical College, Raichur",Trust,200,200,
249,Karnataka,"PES University Institute of Medical
Sciences & Research, Bangalore",Private,100,150,
250,Karnataka,"Raichur Institute Of Medical Science,
Raichur",Govt.,150,200,
251,Karnataka,Rajarajeswari Medical College & Hospital,Trust,250,250,
252,Karnataka,"S R PATIL MEDICAL COLLEGE, HOSPITAL &
RESEARCH CENTRE, BADAGANDI, Bagalkot,
Karn",Trust,100,100,
253,Karnataka,"S S Institute of Medical Sciences&
Research Centre, Davangere",Trust,200,200,
254,Karnataka,"S. Nijalingappa Medical College & HSK
Hospital & Research Centre, Bagalkot",Trust,250,250,
255,Karnataka,"Sapthagiri Institute of Medical Sciences &
Research Centre, Bangalore",Trust,250,250,
256,Karnataka,"SDM College of Medical Sciences &
Hospital, Sattur, Dharwad",Trust,150,150,
257,Karnataka,"Shimoga Institute of Medical Sciences,
Shimoga",Govt.,150,150,
258,Karnataka,"Shri Atal Bihari Vajapayee Medical College
and Research Institute, Bengaluru,",Govt.,150,200,
259,Karnataka,"Shri B M Patil Medical College, Hospital &
Research Centre, Vijayapura(Bijapur",Trust,200,250,
260,Karnataka,"Shridevi Institute of Medical Sciences &
Research Hospital, Tumkur",Trust,150,250,
261,Karnataka,"Siddaganga Medical College and Research
Institute, Tumakuru",Private,150,200,
262,Karnataka,"Sri Chamundeshwari Medical College
Hospital & Research Institute,
Ramanagara, Ka",Trust,150,150,
263,Karnataka,Sri Devaraj Urs Medical College,Trust,200,200,
264,Karnataka,"Sri Madhusudan Sai Institute of Medical
Sciences and Research",Trust,50,50,
265,Karnataka,"Sri siddhartha Institute of Medical
Sciences & Research Centre, Bangalore",Trust,150,150,
266,Karnataka,"Sri Siddhartha Medical College, Tumkur",Trust,200,250,
267,Karnataka,"Srinivas Institute of Medical Research
Centre, Srinivasnagar, mangalore",Trust,200,250,
268,Karnataka,"St. Johns Medical College, Bangalore",Trust,150,150,
269,Karnataka,"Subbaiah Institute of Medical Sciences,
Shimoga, Karnataka",Trust,200,250,
270,Karnataka,"The Oxford Medical College, Hospital &
Research Centre, Bangalore",Society,200,200,
271,Karnataka,"Vijaynagar Institute of Medical Sciences,
Bellary",Govt.,200,250,
272,Karnataka,"Vydehi Institute Of Medical Sciences &
Research Centre, Bangalore",Trust,250,250,
273,Karnataka,YADGIRI INSTITUTE OF MEDICAL SCIENCES,Govt.,150,150,
274,Karnataka,"Yenepoya Medical College, Mangalore",Trust,250,250,
275,Karnataka,"FAROOKH ACADEMY OF MEDICAL
EDUCATION HOSPITAL AND RESEARCH
INSTITUTE",Private,0,100,"Approval for New
Establishment
during AY:2025-26"
276,Kerala,"Al-Azhar Medical College and Super
Speciality Hospital, Thodupuzha",Trust,150,250,
277,Kerala,"Amala Institute of Medical Sciences,
Thrissur",Trust,100,100,
278,Kerala,"Amrita School of Medicine, Elamkara,
Kochi",Trust,150,149,
279,Kerala,"Azeezia Instt of Medical
Science,Meeyannoor,Kollam",Trust,100,100,
280,Kerala,Believers Church Medical College Hospital,Trust,100,100,
281,Kerala,"Dr. Moopen s Medical College, Wayanad,
Kerala",Trust,150,150,
282,Kerala,"Dr. Somervell Memorial CSI Medical
College & Hospital",Trust,150,150,
283,Kerala,"Government Medical College (Institute of
Integrated Medical Sciences), Yakkara,",Govt.,100,100,
284,Kerala,Government Medical College Idukki,Govt.,100,100,
285,Kerala,"GOVERNMENT MEDICAL COLLEGE KONNI,
PATHANAMTHITTA",Govt.,100,100,
286,Kerala,"Government Medical College, Ernakulam",Govt.,110,110,
287,Kerala,"Government Medical College, Kottayam",Govt.,175,175,
288,Kerala,"Government Medical College, Kozhikode,
Calicut",Govt.,250,250,
289,Kerala,"Government Medical College, Manjeri,
Malapuram Dist.",Govt.,110,110,
290,Kerala,"Government Medical College, Parippally,
Kollam",Govt.,110,110,
291,Kerala,"Government Medical College, Thrissur",Govt.,175,175,
292,Kerala,"Govt. Medical College,Pariyaram, Kannur",Govt.,100,100,
293,Kerala,"Jubilee Mission Medical College &
Research Institute, Thrissur",Trust,100,150,
294,Kerala,"Karuna Medical College, Palakkad",Trust,100,150,
295,Kerala,"KMCT Medical College,Kozhikode, Calicut",Trust,250,250,
296,Kerala,"M E S Medical College , Perintalmanna
Malappuram Distt.Kerala",Trust,150,150,
297,Kerala,"Malabar Medical College,
Kozhikode,Calicut",Trust,200,250,
298,Kerala,"Malankara Orthodox Syrian Church
Medical College",Trust,100,100,
299,Kerala,"Medical College, Thiruvananthapuram",Govt.,250,250,
300,Kerala,"Mount Zion Medical College, Chayalode,
Ezhamkulam Adoor, Pathanamthitta",Society,150,150,
301,Kerala,"P K Das Institute of Medical Sciences,
Palakkad, Kerala",Trust,200,250,
302,Kerala,"PALAKKAD INSTITUTE OF MEDICAL
SCIENCES",Trust,150,100,
303,Kerala,"Pushpagiri Institute Of Medical Sciences
and Research Centre, Tiruvalla",Trust,100,100,
304,Kerala,"Sree Gokulam Medical College Trust &
Research Foundation, Trivandrum",Trust,150,150,
305,Kerala,"Sree Narayana Instt. of Medical Sciences,
Chalakka,Ernakulam",Trust,150,150,
306,Kerala,"Sree Uthradom Thiurnal Academy of
Medical Sciences,Trivandrum",Trust,150,250,
307,Kerala,"T D Medical College, Alleppey (Allappuzha)",Govt.,175,175,
308,Kerala,"Travancore Medical College, Kollam",Trust,150,200,
309,Kerala,Government Medical College Kasaragod,Govt.,0,50,"Approval for New
Establishment
during AY:2025-26"
310,Kerala,"Government Medical College, Wayanad",Govt.,0,50,"Approval for New
Establishment
during AY:2025-26"
311,Kerala,"Kerala Medical College, Mangode",Private,0,150,"Approval for New
Establishment
during AY:2025-26"
312,Madhya Pradesh,"All India Institute of Medical Sciences,
Bhopal",Govt.,125,125,
313,Madhya Pradesh,"Amaltas Institute of Medical Sciences,
Dewas",Society,250,250,
314,Madhya Pradesh,"Bundelkhand Medical College, Sagar",Govt.,125,150,
315,Madhya Pradesh,"Chirayu Medical College and Hospital,
Bairagarh,Bhopal",Trust,250,250,
316,Madhya Pradesh,"ESIC Medical College and Hospital,
Indore, M.P.",Govt.,0,50,"Approval for New
Establishment
during AY:2025-26"
317,Madhya Pradesh,"Gajra Raja Medical College, Gwalior",Govt.,200,200,
318,Madhya Pradesh,"Gandhi Medical College, Bhopal",Govt.,250,250,
319,Madhya Pradesh,Government Medical College Satna,Govt.,150,150,
320,Madhya Pradesh,"Government Medical College,
Chhindwara, MP",Govt.,100,150,
321,Madhya Pradesh,"Government Medical College, Datia, MP",Govt.,120,120,
322,Madhya Pradesh,"Government Medical College, Khandwa,
MP",Govt.,120,120,
323,Madhya Pradesh,"Government Medical College, Ratlam",Govt.,180,180,
324,Madhya Pradesh,"Government Medical College, Shahdol,
MP",Govt.,100,100,
325,Madhya Pradesh,"Government Medical College, Shivpuri",Govt.,100,100,
326,Madhya Pradesh,"Government Medical College, Vidisha, MP",Govt.,180,180,
327,Madhya Pradesh,"Index Medical College Hospital & Research
Centre,Indore",Trust,250,250,
328,Madhya Pradesh,"L.N. Medical College and Research
Centre,Bhopal",Trust,250,250,
329,Madhya Pradesh,"LNCT Medical College & Sewakunj
Hospital, Indore",Society,150,150,
330,Madhya Pradesh,"M G M Medical College, Indore",Govt.,250,250,
331,Madhya Pradesh,"Mahaveer Institute of Medical Sciences &
Research, Bhopal",Society,150,150,
332,Madhya Pradesh,Government Medical College Seoni,Govt.,100,100,
333,Madhya Pradesh,"Netaji Subhash Chandra Bose Medical
College, Jabalpur",Govt.,250,250,
334,Madhya Pradesh,"Peoples College of Medical Sciences &
Research Centre, Bhanpur, Bhopal",Trust,250,250,
335,Madhya Pradesh,"RAM KRISHNA MEDICAL COLLEGE
HOSPITAL AND RESEARCH CENTRE,
BHOPAL",Trust,150,150,
336,Madhya Pradesh,"RKDF Medical College Hospital & Research
Centre, Jatkhedi, Bhopal",Society,150,150,
337,Madhya Pradesh,"Ruxmaniben Deepchand Gardi Medical
College, Ujjain",Trust,150,150,
338,Madhya Pradesh,"SCHOOL OF MEDICAL SCIENCES SRI SATYA
SAI UNIVERSITY OF TECHNOLOGY AND
MEDICAL SC",Society,100,100,
339,Madhya Pradesh,"Shyam Shah Medical College, Rewa",Govt.,150,150,
340,Madhya Pradesh,"Sri Aurobindo Medical College and Post
Graduate Institute , Indore",Trust,250,250,
341,Madhya Pradesh,"Sukh Sagar Medical College & Hospital,
Jabalpur",Trust,150,200,
342,Madhya Pradesh,"Sunderlal Patwa Government Medical
College, Mandsaur",Govt.,100,100,
343,Madhya Pradesh,"Virendra Kumar Sakhlecha Government
Medical College",Govt.,100,100,
344,Madhya Pradesh,GOVERNMENT MEDICAL COLLEGE SINGRAULI,Govt.,0,100,"Approval for New
Establishment
during AY:2025-26"
345,Madhya Pradesh,"GOVERMENT MEDICAL COLLEGE, SHEOPUR",Govt.,0,100,"Approval for New
Establishment
during AY:2025-26"
346,Madhya Pradesh,"MANSAROVAR MEDICAL COLLEGE AND MGU
HOSPITAL",Private,0,150,"Approval for New
Establishment
during AY:2025-26"
347,Maharashtra,"All India Institute of Medical Sciences,
Nagpur",Govt.,125,125,
348,Maharashtra,"ACPM Medical College, Dhule",Trust,100,100,
349,Maharashtra,"Armed Forces Medical College, Pune",Govt.,150,150,
350,Maharashtra,"Ashwini Rural Medical College, Hospital
& Research Centre, Solapur",Trust,100,150,
351,Maharashtra,"B. J. Govt. Medical College, Pune",Govt.,250,250,
352,Maharashtra,"B.K.L. Walawalkar Rural Medical College,
Ratnagiri",Trust,150,150,
353,Maharashtra,"Bharati Vidyapeeth Deemed University
Medical College & Hospital, Sangli",Trust,150,250,
354,Maharashtra,"Bharati Vidyapeeth University Medical
College, Pune",Trust,150,250,
355,Maharashtra,"Bharatratna Atal Bihari Vajpayee Medical
College, Pune",Trust,100,100,
356,Maharashtra,"Datta Meghe Medical College, Nagpur",Private,150,250,
357,Maharashtra,"Dr D Y Patil Medical College Hospital and
Research Centre Pimpri pune",Trust,250,250,
358,Maharashtra,"Dr Vaishampayan Memorial Medical
College, Solapur",Govt.,200,200,
359,Maharashtra,"Dr. D Y Patil Medical College, Kolhapur",Trust,150,150,
360,Maharashtra,"Dr. N Y Tasgaonkar Institute of Medical
Science",Trust,100,100,
361,Maharashtra,"Dr. Panjabrao Alias Bhausaheb Deshmukh
Memorial Medical College, Amravati",Trust,150,150,
362,Maharashtra,"Dr. Rajendra Gode Medical College,
Amravati, Maharashtra",Private,150,150,
363,Maharashtra,"Dr. Shankarrao Chavan Govt. Medical
College, Nanded",Govt.,150,150,
364,Maharashtra,"Dr. Ulhas Patil Medical College & Hospital,
Jalgaon",Trust,200,200,
365,Maharashtra,"Dr. Vithalrao Vikhe Patil Foundations
Medical College & Hospital, Ahmednagar",Trust,200,200,
366,Maharashtra,"Dr.Vasantrao Pawar Med. Col. Hosp. &
Research Centre,Nasik (Prev. NDMVP
Samaj Me",Trust,120,150,
367,Maharashtra,"GOVERNMENT MEDICAL COLLEGE &
HOSPITAL AMRAVATI",Govt.,100,100,
368,Maharashtra,"Government Medical College & Hospital,
Baramati",Govt.,100,100,
369,Maharashtra,Government Medical College Ambernath,Govt.,100,100,
370,Maharashtra,"GOVERNMENT MEDICAL COLLEGE AND
DISTRICT GENERAL HOSPITAL,RATNAGIRI,
MAHARASHTRA",Govt.,100,100,
371,Maharashtra,"Government Medical College and
Hospital, Osmanabad",Govt.,100,100,
372,Maharashtra,"Government Medical College and
Hospital, Satara, 467, Sadar Bazar Camp,
Satara p",Govt.,100,100,
373,Maharashtra,"Government Medical College and
Hospitals, Mumbai",Govt.,50,50,
374,Maharashtra,Government Medical College Buldhana,Govt.,100,100,
375,Maharashtra,Government Medical College Jalna,Govt.,100,100,
376,Maharashtra,Government Medical College Washim,Govt.,100,100,
377,Maharashtra,"Government Medical College, Akola",Govt.,200,200,
378,Maharashtra,"Government Medical College, Alibag",Govt.,100,100,
379,Maharashtra,"Government Medical College, Aurangabad",Govt.,200,200,
380,Maharashtra,"Government Medical College, Bhandara",Govt.,100,100,
381,Maharashtra,"Government Medical College, Chandrapur",Govt.,150,150,
382,Maharashtra,"Government Medical College, Gadchiroli",Govt.,100,100,
383,Maharashtra,"Government Medical College, Gondia",Govt.,150,150,
384,Maharashtra,"Government Medical College, Hingoli",Govt.,100,100,
385,Maharashtra,"Government Medical College, Jalgaon",Govt.,150,150,
386,Maharashtra,"Government Medical College, Latur",Govt.,150,150,
387,Maharashtra,"Government Medical College, Miraj",Govt.,200,200,
388,Maharashtra,"Government Medical College, Nagpur",Govt.,250,250,
389,Maharashtra,"Government Medical College, Nandurbar",Govt.,100,100,
390,Maharashtra,"Government Medical College, Nashik and
Maharashtra Post Graduate Institute of
Me",Govt.,50,50,
391,Maharashtra,"GOVERNMENT MEDICAL COLLEGE,
PARBHANI",Govt.,100,100,
392,Maharashtra,"GOVERNMENT MEDICAL COLLEGE,
SINDHUDURG",Govt.,100,100,
393,Maharashtra,"Grant Medical College, Mumbai",Govt.,250,250,
394,Maharashtra,"H.B.T. Medical College & Dr. R.N. Cooper
Municipal General Hospital, Juhu, Mumba",Govt.,200,200,
395,Maharashtra,"Indian Institute of Medical Science &
Research, Jalna",Trust,150,150,
396,Maharashtra,"Indira Gandhi Medical College & Hospital,
Nagpur",Govt.,200,200,
397,Maharashtra,"Jawaharlal Nehru Medical College,
Sawangi (Meghe), Wardha",Trust,250,250,
398,Maharashtra,"K J SOMAIYYA MEDICAL COLLEGE AND
RESEARCH CENTRE MUMBAI",Trust,100,100,
399,Maharashtra,"Krishna Institute of Medical Sciences,
Karad",Trust,250,250,
400,Maharashtra,"Lokmanya Tilak Municipal Medical
College, Sion, Mumbai",Govt.,200,200,
401,Maharashtra,"Maharashtra Institute of Medical Sciences
& Research, Latur",Trust,150,150,
402,Maharashtra,"Maharashtra Institute of Medical
Education & Research, Talegaon,Pune",Trust,150,150,
403,Maharashtra,"Mahatma Gandhi Institute of Medical
Sciences, Sevagram, Wardha",Trust,100,100,
404,Maharashtra,"Mahatma Gandhi Missions Medical
College, Aurangabad",Trust,200,250,
405,Maharashtra,"MAHATMA GANDHI MISSIONS MEDICAL
COLLEGE, KAMOTHE",Trust,200,200,
406,Maharashtra,"Mahatma Gandhi Missions Medical
College, Panvel",TRUST,0,100,"Approval for New
Establishment
during AY:2025-26"
407,Maharashtra,"MALATI MULTISPECIALITY HOSPITAL AND
MEDICAL COLLEGE",SOCIETY,0,50,"Approval for New
Establishment
during AY:2025-26"
408,Maharashtra,"MGM Medical College, Vashi, Navi
Mumbai",Trust,100,100,
409,Maharashtra,"MGM Medical College,Nerul,Navi Mumbai",Private,50,50,
410,Maharashtra,"N. K. P. Salve Instt. of Medical Sciences
and Research Centre and Lata Mangeshka",Trust,200,250,
411,Maharashtra,"Padmashree Dr. D.Y.Patil Medical College,
Navi Mumbai",Trust,250,250,
412,Maharashtra,"PARBHANI MEDICAL COLLEGE, PARBHANI",Society,150,150,
413,Maharashtra,"Prakash Institute of Medical Sciences &
Research, Sangli",Trust,150,150,
414,Maharashtra,"Rajashree Chatrapati Shahu Maharaj
Government Medical College, Kolhapur",Govt.,150,150,
415,Maharashtra,"Rajiv Gandhi Medical College and
Chhatrapati Shivaji Maharaj Hospital,
Thane",Govt.,100,100,
416,Maharashtra,"Rural Medical College, Loni",Trust,200,200,
417,Maharashtra,"Seth GS Medical College and KEM
Hospital, Mumbai",Govt.,250,250,
418,Maharashtra,"Shri Vasant Rao Naik Govt. Medical
College, Yavatmal",Govt.,200,200,
419,Maharashtra,"Sindhudurg Shikshan Prasarak Mandal
(SSPM) Medical College & Lifetime
Hospital,",Trust,150,149,
420,Maharashtra,"SMBT Institute of Medical Sciences &
Research Centre, Nandihills, Nashik",Trust,150,150,
421,Maharashtra,"Smt. Kashibai Navale Medical College and
General Hospital,Pune",Trust,150,150,
422,Maharashtra,"Sri Bhausaheb Hire Government Medical
College, Dhule",Govt.,150,150,
423,Maharashtra,"Sri Ramachandra Institute of Medical
Sciences, Aurangabad, Maharashtra",Trust,50,150,
424,Maharashtra,"SRTR Medical College, Ambajogai",Govt.,150,150,
425,Maharashtra,"Symbiosis Medical College for Women,
Pune",Society,150,150,
426,Maharashtra,"Terna Medical College, Navi Mumbai",Trust,150,150,
427,Maharashtra,"Topiwala National Medical College,
Mumbai",Govt.,150,150,
428,Maharashtra,"Vedantaa Institute of Medical Sciences,
Palghar, Maharashtra",Private,150,150,
429,Maharashtra,"ESIC MEDICAL COLLEGE AND HOSPITAL,
Andheri",Govt.,0,50,"Approval for New
Establishment
during AY:2025-26"
430,Maharashtra,"Smt Sakhubai Narayanrao Katkade Medical
College and Research Center",Private,0,100,"Approval for New
Establishment
during AY:2025-26"
431,Maharashtra,"D. Y. Patil University, School of Medicine",Private,0,100,"Approval for New
Establishment
during AY:2025-26"
432,Manipur,"Churachandpur Medical College, Manipur",Govt.,100,100,
433,Manipur,"Jawaharlal Nehru Institute of Medical
Sciences",Govt.,150,150,
434,Manipur,Regional Institute of Medical Sciences,Govt.,125,125,
435,Manipur,Shija Academy of Health Sciences,Private,150,150,
436,Meghalaya,"North Eastern Indira Gandhi Regional
Instt. of Health and Medical Sciences, Shil",Govt.,50,50,
437,Meghalaya,"PA Sangma International Medical College
& Hospital",Trust,150,100,
438,Meghalaya,Shillong Medical College,Govt.,0,50,"Approval for New
Establishment
during AY:2025-26"
439,Mizoram,ZORAM MEDICAL COLLEGE,Govt.,100,100,
440,Nagaland,"Nagaland Institute of Medical Sciences
and Research, Nagaland",Govt.,100,100,
441,Odisha,"All India Institute of Medical Sciences,
Bhubaneswar",Govt.,125,125,
442,Odisha,"DRIEMS INSTITUTE OF HEALTH SCIENCES
AND HOSPITAL",Society,100,100,
443,Odisha,"Government Medical College & Hospital
(Renamed as Bhima Bhoi Medical College
& H",Govt.,100,100,
444,Odisha,"Government Medical College & Hospital
(Renamed as Fakir Mohan Medical College
&",Govt.,100,100,
445,Odisha,"GOVERNMENT MEDICAL COLLEGE AND
HOSPITAL SUNDARGARH",Govt.,100,100,
446,Odisha,"Government Medical college, Jajpur
(JKMC), Odisha",Govt.,50,50,
447,Odisha,"Government Medical College, Keonjhar",Govt.,100,100,
448,Odisha,"Hi-Tech Medical College & Hospital,
Rourkela",Trust,100,100,
449,Odisha,"Hi-Tech Medical College and Hospital
Bhubaneswar",Trust,150,150,
450,Odisha,"Institute of Medical Sciences and SUM
Hospital Campus II",Trust,150,250,
451,Odisha,"Instt. of Medical Sciences and SUM
Hospital",Trust,250,250,
452,Odisha,"Kalinga Institute of Medical Sciences,
Bhubaneswar",Trust,250,250,
453,Odisha,"MKCG Medical College, Berhampur",Govt.,250,250,
454,Odisha,"Pt. Raghunath Murmu Medical College
and Hospital, Baripada, Odisha",Govt.,125,125,
455,Odisha,"Saheed Laxman Nayak Medical College &
Hospital, Koraput",Govt.,125,125,
456,Odisha,"Saheed Rendo Majhi Medical College and
Hospital, Bhawanipatna, Kalahandi, Odisha",Govt.,100,100,
457,Odisha,"SCB Medical College, Cuttack",Govt.,250,250,
458,Odisha,"Sri Jagannath Medical College & Hospital,
Puri",Govt.,100,100,
459,Odisha,"Veer Surendra Sai Institute of Medical
Sciences and Research, Burla",Govt.,200,200,
460,Odisha,"PABITRA MOHAN PRADHAN MEDICAL
COLLEGE, TALCHER",Govt.,0,100,"Approval for New
Establishment
during AY:2025-26"
461,Odisha,"Government Medical College Phulbani,
Kandhamal",Govt.,0,100,"Approval for New
Establishment
during AY:2025-26"
462,Pondicherry,"Aarupadai Veedu Medical College,
Pondicherry",Trust,150,150,
463,Pondicherry,"Indira Gandhi Medical College & Research
Institute, Puducherry",Govt.,180,180,
464,Pondicherry,"Jawaharlal Institute of Postgraduate
Medical Education & Research,
Puducherry",Govt.,200,243,
465,Pondicherry,"Mahatma Gandhi Medical College &
Research Institute, Pondicherry",Trust,250,250,
466,Pondicherry,"Puducherry Institute of Medical Sciences
& Research, Pondicherry",Trust,150,150,
467,Pondicherry,"Sri Lakshmi Narayana Institute of Medical
Sciences, Pondicherry",Trust,250,250,
468,Pondicherry,"Sri Manakula Vinayagar Medical College
and Hospital",Trust,250,250,
469,Pondicherry,"Sri Venkateswaraa Medical College,
Hospital & Research Centre, Pondicherry",Trust,250,250,
470,Pondicherry,"Vinayaka Missions Medical College,
Karaikal, Pondicherry",Trust,150,150,
471,Punjab,"All India Institute of Medical Sciences,
Bhatinda",Govt.,100,100,
472,Punjab,"Adesh Institute of Medical Sciences &
Research, Bhatinda",Trust,150,150,
473,Punjab,"Christian Medical College, Ludhiana",Trust,100,100,
474,Punjab,"Dayanand Medical College & Hospital,
Ludhiana",Trust,100,150,
475,Punjab,"Dr B R Ambedkar State Institute of
Medical Sciences",Govt.,100,99,
476,Punjab,GIAN SAGAR MEDICAL COLLEGE,Trust,150,150,
477,Punjab,"Government Medical College, Amritsar",Govt.,250,250,
478,Punjab,"Government Medical College, Patiala",Govt.,250,250,
479,Punjab,"Guru Govind Singh Medical College,
Faridkot",Govt.,150,250,
480,Punjab,"Punjab Institute of Medical Sciences,
Jalandhar",Trust,150,150,
481,Punjab,"RIMT Medical College and Hospital
Fatehgarh, Sahib, Punjab",Trust,50,50,
482,Punjab,"Sri Guru Ram Das Institute of Medical
Sciences and Research, Sri Amritsar",Trust,150,150,
483,Punjab,ESIC Medical College Ludhiana,Govt.,0,50,"Approval for New
Establishment
during AY:2025-26"
484,Rajasthan,"All India Institute of Medical Sciences,
Jodhpur",Govt.,125,150,
485,Rajasthan,"American International Institute of
Medical Sciences, Bedwas",Private,150,150,
486,Rajasthan,"Ananta Institute of Medical Sciences &
Research Centre, Rajsamand",Society,150,150,
487,Rajasthan,"Arya Medical College & Hospital (AMCH),
Omaxe City, Jaipur",Private,0,50,"Approval for New
Establishment
during AY:2025-26"
488,Rajasthan,"Dr S S Tantia Medical College Hospital &
Research Centre",Private,150,250,
489,Rajasthan,"Dr SN Medical College, Jodhpur",Govt.,250,250,
490,Rajasthan,"ESIC Medical College and Hospital, Alwar,
Rajasthan",Govt.,100,100,
491,Rajasthan,"ESIC Medical College & Hospital, Jaipur
(Rajasthan)",Govt.,0,50,"Approval for New
Establishment
during AY:2025-26"
492,Rajasthan,"Geetanjali Medical College &
Hospital,Udaipur",Trust,250,250,
493,Rajasthan,Government Medical College Banswara,Govt. (Society),100,100,
494,Rajasthan,Government Medical College Baran,Govt.,100,100,
495,Rajasthan,Government Medical College Chittorgarh,Govt.,100,100,
496,Rajasthan,GOVERNMENT MEDICAL COLLEGE DAUSA,Govt.,100,100,
497,Rajasthan,"GOVERNMENT MEDICAL COLLEGE
JHUNJHUNU",Govt.,100,100,
498,Rajasthan,"Government Medical college Sawai
Madhopur",Govt.,100,100,
499,Rajasthan,"GOVERNMENT MEDICAL COLLEGE SRI
GANGANAGAR",Govt.,100,100,
500,Rajasthan,"GOVERNMENT MEDICAL COLLEGE, ALWAR",Govt.,100,100,
501,Rajasthan,"Government Medical College, Barmer",Govt.,130,130,
502,Rajasthan,"Government Medical College, Bharatpur,
Rajasthan",Govt.,150,150,
503,Rajasthan,"Government Medical College, Bhilwara,
Rajasthan",Govt.,150,150,
504,Rajasthan,"Government Medical College, Bundi,
Rajasthan",Govt.,100,100,
505,Rajasthan,"Government Medical College, Churu",Govt.,150,150,
506,Rajasthan,"Government Medical College, Dholpur",Govt.,100,100,
507,Rajasthan,"Government Medical College, Dungarpur",Govt.,150,150,
508,Rajasthan,"GOVERNMENT MEDICAL COLLEGE,
HANUMANGARH, RAJASTHAN",Govt.,100,100,
509,Rajasthan,"Government Medical College, Karauli",Govt.,100,100,
510,Rajasthan,"Government Medical College, Kota",Govt.,250,250,
511,Rajasthan,"Government Medical College, Pali,
Rajasthan",Govt.,150,150,
512,Rajasthan,"Government Medical college, Sirohi,
Rajasthan",Govt.,100,100,
513,Rajasthan,"GOVT MEDICAL COLLEGE, NAGAUR",Govt.,100,100,
514,Rajasthan,"Jaipur National University Institute of
Medical Sciences and Resarch Centre, Jag",Private,250,250,
515,Rajasthan,"Jawaharlal Nehru Medical College, Ajmer",Govt.,250,250,
516,Rajasthan,"Jhalawar Medical College, Jhalawar",Govt.,200,200,
517,Rajasthan,"JIET Medical College and Hospital,
Jodhpur, Rajasthan",Trust,50,150,
518,Rajasthan,"Mahatma Gandhi Medical College, Jaipur",Trust,250,250,
519,Rajasthan,"National Institute of Medical Science &
Research, Jaipur",Trust,250,250,
520,Rajasthan,"PACIFIC INSTITUTE OF MEDICAL SCIENCES
Umarda",Society,200,250,
521,Rajasthan,"Pacific Medical College & Hospital, Bhilo
Ka Bedla, Udaipur",Trust,150,200,
522,Rajasthan,"R N T Medical College, Udaipur",Govt.,250,250,
523,Rajasthan,"RUHS College of Medical Sciences, Jaipur",Govt.,150,150,
524,Rajasthan,"Sardar Patel Medical College, Bikaner",Govt.,250,250,
525,Rajasthan,"Shri Kalyan Govt. Medical College, Sikar,
Rajasthan",Govt.,100,100,
526,Rajasthan,"SMS Medical College, Jaipur",Govt.,250,250,
527,Rajasthan,"SUDHA MEDICAL COLLEGE, JHALAWAR,
KOTA",Society,100,100,
528,Rajasthan,"Vyas Medical College and Hospital
Jodhpur",Private,100,100,
529,Rajasthan,"Government Medical College, Jaisalmer",Govt.,0,50,"Approval for New
Establishment
during AY:2025-26"
530,Rajasthan,"Government medical college, Tonk",Govt.,0,50,"Approval for New
Establishment
during AY:2025-26"
531,Rajasthan,"GEETANJALI INSTITUTE OF MEDICAL SCIENCES,
Jaipur",Private,0,150,"Approval for New
Establishment
during AY:2025-26"
532,Rajasthan,"Balvir Singh Tomar Institute of Medical
Sciences and Research",Private,0,150,"Approval for New
Establishment
during AY:2025-26"
533,Sikkim,"Sikkim Manipal Institute of Medical
Sciences, Gangtok",Trust,150,150,
534,Tamil Nadu,"All India Institute of Medical Sciences,
Madurai",Govt.,50,50,
535,Tamil Nadu,"ACS Medical College and Hospital, Chennai",Trust,250,250,
536,Tamil Nadu,"Annaii Medical College and Hospital
Kanchipuram, Tamil Nadu",Private,100,200,
537,Tamil Nadu,"Annapoorna Medical College & Hospital,
Salem",Trust,150,150,
538,Tamil Nadu,Arunai Medical College and Hospital,Trust,150,200,
539,Tamil Nadu,Bhaarat Medical College & Hospital,Trust,150,250,
540,Tamil Nadu,"Chengalpattu Medical College,
Chengalpattu",Govt.,100,100,
541,Tamil Nadu,"Chettinad Hospital & Research Institute,
Kanchipuram",Trust,250,250,
542,Tamil Nadu,"Christian Medical College, Vellore",Trust,100,100,
543,Tamil Nadu,"Coimbatore Medical College, Coimbatore",Govt.,200,200,
544,Tamil Nadu,"Dhanalakshmi Srinivasan Institute of
Medical Sciences and Hospital,
Perambalur,",Trust,150,150,
545,Tamil Nadu,"Dhanalakshmi Srinivasan Medical College
and Hospital, Siruvachur-621113",Trust,250,250,
546,Tamil Nadu,"ESIC Medical College & Hospital,
K.K.Nagar, Chennai",Govt.,150,150,
547,Tamil Nadu,"Faculty of Medicine , Sri Lalithambigai
Medical College and Hospital",Trust,150,200,
548,Tamil Nadu,"Government Dharmapuri Medical College,
Dharmapuri",Govt.,100,100,
549,Tamil Nadu,"Government Erode Medical College &
Hospital, Perundurai (Formerly IRT
Perundurai",Govt.,100,100,
550,Tamil Nadu,"Government Medical College & ESIC
Hospital, Coimbatore, TamilNadu",Govt.,100,100,
551,Tamil Nadu,"Government Medical College ,Tiruppur",Govt.,100,100,
552,Tamil Nadu,Government Medical College Kallakurichi,Govt.,150,150,
553,Tamil Nadu,Government Medical College Krishnagiri,Govt.,150,150,
554,Tamil Nadu,"Government Medical College
Nagapattinam",Govt.,150,150,
555,Tamil Nadu,"Government Medical College
Ramanathapuram",Govt.,100,100,
556,Tamil Nadu,"Government Medical College, Karur",Govt.,150,150,
557,Tamil Nadu,"Government Medical College, Namakkal",Govt.,100,100,
558,Tamil Nadu,"Government Medical College, Omandurar",Govt.,100,100,
559,Tamil Nadu,"Government Medical College, Pudukottai,
Tamil Nadu",Govt.,150,150,
560,Tamil Nadu,"Government Medical College, The Nilgiris",Govt.,150,150,
561,Tamil Nadu,"Government Medical College, Thiruvallur",Govt.,100,100,
562,Tamil Nadu,"Government Medical College,
Virudhunagar",Govt.,150,150,
563,Tamil Nadu,"Government Medical College,Ariyalur",Govt.,150,150,
564,Tamil Nadu,"Government Medical College,Dindigul",Govt.,150,150,
565,Tamil Nadu,"Government Sivagangai Medical College,
Sivaganga",Govt.,100,100,
566,Tamil Nadu,"Government Tiruvannamalai Medical
College, Tiruvannamalai",Govt.,100,100,
567,Tamil Nadu,"Government Vellore Medical College,
Vellore",Govt.,100,100,
568,Tamil Nadu,"Government Villupuram Medical College,
Villupuram",Govt.,100,100,
569,Tamil Nadu,"Govt. Mohan Kumaramangalam Medical
College, Salem- 30",Govt.,100,100,
570,Tamil Nadu,"Indira Medical College & Hospitals,
Thiruvallur",Private,150,150,
571,Tamil Nadu,"J R Medical College And Hospital,
Villupuram, Tamil Nadu",Society,150,200,
572,Tamil Nadu,"K A P Viswanathan Government Medical
College, Trichy",Govt.,150,150,
573,Tamil Nadu,"KanyaKumari Government Medical
College, Asaripallam",Govt.,150,150,
574,Tamil Nadu,"KANYAKUMARI MEDICAL MISSION
RESEARCH CENTRE",Private,100,100,
575,Tamil Nadu,"Karpaga Vinayaga Institute of Medical
Sciences,Maduranthagam",Trust,150,150,
576,Tamil Nadu,"Karpagam Faculty of Medical Sciences and
Research",Trust,150,150,
577,Tamil Nadu,"Kilpauk Medical College, Chennai",Govt.,150,150,
578,Tamil Nadu,"KMCH Institute of Health Sciences and
Research",Private,150,150,
579,Tamil Nadu,"Madha Medical College and Hospital,
Thandalam, Chennai",Trust,150,150,
580,Tamil Nadu,"Madras Medical College, Chennai",Govt.,250,250,
581,Tamil Nadu,"Madurai Medical College, Madurai",Govt.,250,250,
582,Tamil Nadu,"Meenakshi Medical College and Research
Institute, Enathur",Trust,250,250,
583,Tamil Nadu,"Melmaruvathur Adiparasakthi Instt.
Medical Sciences and Research",Trust,150,150,
584,Tamil Nadu,"Nandha Medical College & Hospital,
Erode, Tamil Nadu",Trust,150,150,
585,Tamil Nadu,"Panimalar Medical College Hospital &
Research Institute",Trust,150,200,
586,Tamil Nadu,"PSG Institute of Medical Sciences,
Coimbatore",Trust,250,250,
587,Tamil Nadu,"PSP MEDICAL COLLEGE HOSPITAL AND
RESEARCH INSTITUTE, Tamil Nadu",Trust,150,100,
588,Tamil Nadu,"Rajah Muthiah Medical College,
Annamalainagar",Govt.,150,150,
589,Tamil Nadu,"Saveetha Medical College and Hospital,
Kanchipuram",Trust,250,250,
590,Tamil Nadu,"Shri Sathya Sai Medical College and
Research Institute, Kancheepuram",Trust,250,250,
591,Tamil Nadu,"Sree Balaji Medical College and Hospital,
Chennai",Trust,250,250,
592,Tamil Nadu,"Sree Mookambika Institute of Medical
Sciences, Kanyakumari",Trust,150,150,
593,Tamil Nadu,"Sri Muthukumaran Medical
College,Chennai",Trust,150,150,
594,Tamil Nadu,"Sri Ramachandra Medical College &
Research Institute, Chennai",Trust,250,250,
595,Tamil Nadu,"Sri Venkateswaraa Medical College
Hospital and Research Institute, Chennai",Private,150,250,
596,Tamil Nadu,Srinivasan Medical College and Hospital,Trust,150,250,
597,Tamil Nadu,"SRM Medical College Hospital and
Research Centre",Trust,250,250,
598,Tamil Nadu,"ST Peters Medical College, Hospital &
Research Institute",Trust,150,250,
599,Tamil Nadu,"Stanley Medical College, Chennai",Govt.,250,250,
600,Tamil Nadu,"Swamy Vivekanandha Medical College
Hospital And Research Institute",Trust,150,200,
601,Tamil Nadu,"Tagore Medical College and Hospital,
Chennai",Trust,150,250,
602,Tamil Nadu,"Thanjavur Medical College,Thanjavur",Govt.,150,150,
603,Tamil Nadu,"Takshashila Medical College, Villupuram",Private,0,100,"Approval for New
Establishment
during AY:2025-26"
604,Tamil Nadu,"Theni Government Medical College,Theni",Govt.,100,100,
605,Tamil Nadu,"Thiruvarur Govt. Medical College,
Thiruvarur",Govt.,100,100,
606,Tamil Nadu,"Thoothukudi Medical College,
Thoothukudi",Govt.,150,150,
607,Tamil Nadu,"Tirunelveli Medical College,Tirunelveli",Govt.,250,250,
608,Tamil Nadu,"Trichy SRM Medical College Hospital &
Research Centre, Trichy",Trust,250,250,
609,Tamil Nadu,"Velammal Medical College Hospital and
Research Institute, Madurai",Trust,150,150,
610,Tamil Nadu,VELS Medical College & Hospital,Trust,150,250,
611,Tamil Nadu,"Vinayaka Missions Kirupananda Variyar
Medical College, Salem",Trust,150,150,
612,Telangana,"All India Institute of Medical Sciences,
Bibinagar",Govt.,100,100,
613,Telangana,"Apollo Institute of Medical Sciences and
Research, Hyderabad",Trust,150,150,
614,Telangana,"ARUNDATHI INSTITUTE OF MEDICAL
SCIENCES, MALKAJGIRI, TELANGANA",Trust,150,150,
615,Telangana,"Ayaan Institute of Medical Sciences,
Teaching Hospital & Research Centre,
Kanaka",Society,150,150,
616,Telangana,"Bhaskar Medical College, Yenkapally",Trust,150,150,
617,Telangana,"Chalmeda Anand Rao Insttitute Of
Medical Sciences, Karimnagar",Trust,200,200,
618,Telangana,"CMR Institute of Medical Sciences,
Telangana",Trust,150,250,
619,Telangana,"Deccan College of Medical Sciences,
Hyderabad",Trust,150,150,
620,Telangana,"Dr. Patnam Mahender Reddy Institute of
Medical Sciences, Chevella, Rangareddy",Society,150,200,
621,Telangana,"Dr. VRK Womens Medical College,
Aziznagar",Trust,100,100,
622,Telangana,"Employees State Insurance Coporation
Medical College, Sanath Nagar, Hyderabad",Govt.,125,150,
623,Telangana,"FATHER COLOMBO INSTITUTE OF
MEDICAL SCIENCES, WARANGAL",Trust,150,150,
624,Telangana,Gandhi Medical College Secunderabad,Govt.,250,250,
625,Telangana,"Government Medical College Bhadradri
Kothagudem",Govt.,150,150,
626,Telangana,"GOVERNMENT MEDICAL COLLEGE
KHAMMAM, TELANGANA",Govt.,100,100,
627,Telangana,"GOVERNMENT MEDICAL COLLEGE
MANCHERIAL",Govt.,100,100,
628,Telangana,"Government Medical College
Ramagundam",Govt.,150,150,
629,Telangana,"Government Medical College Sangareddy
Telangana",Govt.,150,150,
630,Telangana,"Government Medical College, Jangaon,
Telangana",Govt.,100,100,
631,Telangana,"Government Medical College, Jayashnakar
Bhupalpally, Telangana",Govt.,100,100,
632,Telangana,"Government Medical College, Jogulamba
Gadwal",Govt.,50,50,
633,Telangana,"GOVERNMENT MEDICAL COLLEGE,
KAMAREDDY, TELANGANA",Govt.,100,100,
634,Telangana,"Government Medical College, Karimnagar,
Telangana",Govt.,100,100,
635,Telangana,"GOVERNMENT MEDICAL COLLEGE,
KUMURAM BHEEM ASIFABAD,
TELANGANA",Govt.,100,100,
636,Telangana,"Government Medical College,
Mahabubabad, Telangana",Govt.,150,150,
637,Telangana,"GOVERNMENT MEDICAL COLLEGE,
MAHABUBNAGAR",Govt.,175,175,
638,Telangana,"Government Medical College,
Maheshwaram",Govt.,50,50,
639,Telangana,"Government Medical College, Medak",Govt.,50,50,
640,Telangana,"Government Medical College, Mulugu",Govt.,50,50,
641,Telangana,"GOVERNMENT MEDICAL COLLEGE,
NAGARKURNOOL",Govt.,150,150,
642,Telangana,"Government Medical College, Nalgonda",Govt.,150,150,
643,Telangana,"Government Medical College, Narayanpet",Govt.,50,50,
644,Telangana,"Government Medical College, Narsampet",Govt.,50,50,
645,Telangana,"GOVERNMENT MEDICAL COLLEGE,
NIRMAL",Govt.,100,100,
646,Telangana,"Government Medical College, Nizamabad",Govt.,120,120,
647,Telangana,"Government Medical College, Qutbullapur",Govt.,50,50,
648,Telangana,"GOVERNMENT MEDICAL COLLEGE,
RAJANNA SIRCILLA, TELANGANA",Govt.,100,100,
649,Telangana,"Government Medical College, Siddipet",Govt.,175,175,
650,Telangana,"Government Medical College, Suryapet",Govt.,150,150,
651,Telangana,"Government Medical College, Vikarabad,
Telangana",Govt.,100,100,
652,Telangana,"Government Medical College, Yadadri",Govt.,50,50,
653,Telangana,"Government Medical College,Jagtial",Govt.,150,150,
654,Telangana,"government medical college,wanaparthy",Govt.,150,150,
655,Telangana,"Kakatiya Medical College, Warangal",Govt.,250,250,
656,Telangana,"KAMINENI ACADEMY OF MEDICAL
SCIENCES AND RESEARCH CENTRE",Private,150,150,
657,Telangana,"Kamineni Institute of Medical Sciences,
Narketpally",Trust,200,200,
658,Telangana,"Mahavir Institute of Medical Sciences,
Vikarabad, Telengana",Trust,150,200,
659,Telangana,"Maheshwara Medical College, Chitkul,
Patancheru, Medak",Society,150,150,
660,Telangana,"Malla Reddy Institute of Medical Sciences,
Hyderabad",Society,200,200,
661,Telangana,"Mallareddy Medical College for Women,
Hyderabad",Society,200,200,
662,Telangana,"Mamata Academy of Medical Sciences,
Bachupally",Society,150,150,
663,Telangana,"Mamata Medical College, Khammam",Trust,200,200,
664,Telangana,"Mediciti Institute Of Medical Sciences,
Ghanpur",Trust,150,150,
665,Telangana,"MNR Medical College & Hospital,
Sangareddy",Trust,150,150,
666,Telangana,"Neelima Institute of Medical Sciences,
Telangana",Trust,150,200,
667,Telangana,"NOVA INSTITUTE OF MEDICAL SCIENCES
AND RESEARCH CENTRE",Society,150,250,
668,Telangana,"Osmania Medical College, Hyderabad",Govt.,250,250,
669,Telangana,"Prathima Institute Of Medical Sciences,
Karimnagar",Trust,250,250,
670,Telangana,"Prathima Relief Institute of Medical
Sciences, Hanamkonda",Trust,150,150,
671,Telangana,"R.V.M. Institute of Medical Sciences and
Research Centre, Siddipet",Trust,250,250,
672,Telangana,"Rajiv Gandhi Institute of Medical Sciences,
adilabad",Govt.,120,120,
673,Telangana,"S V S Medical College, Mehboobnagar",Trust,150,150,
674,Telangana,"Shadan Institute of Medical
Sciences,Research Centre and Teaching
Hospital, Peer",Society,150,150,
675,Telangana,"Surabhi Institute of Medical Sciences,
Siddipet, Telangana",Society,150,200,
676,Telangana,"TRR Institute of Medical Sciences,
Patancheru",Society,150,150,
677,Telangana,"GOVERNMENT MEDICAL COLLEGE,
KODANGAL, TELANGANA",Govt.,0,50,"Approval for New
Establishment
during AY:2025-26"
678,Tripura,"Agartala Government Medical College &
GBP Hospital",Govt.,150,150,
679,Tripura,"Tripura Medical College And Dr. BRAM
Teaching Hospital",Trust,100,150,
680,Tripura,Tripura Santiniketan Medical College,Trust,150,150,
681,Uttar Pradesh,"All India Institute of Medical Sciences,
Gorakhpur",Govt.,125,125,
682,Uttar Pradesh,"All India Institute of Medical Sciences, Rae
Bareli",Govt.,100,100,
683,Uttar Pradesh,"AJAY SANGAAL INSTITUTE OF MEDICAL
SCIENCES & RESEARCH AND AYUSHMAAN
HOSPITAL",Private,150,200,
684,Uttar Pradesh,ASMC Sonebhadra,Govt.,100,100,
685,Uttar Pradesh,"AUTONOMOUS STATE MEDICAL COLLEGE
Amethi",Govt.,0,100,"Approval for New
Establishment
during AY:2025-26"
686,Uttar Pradesh,"AUTONOMOUS STATE MEDICAL COLLEGE
AURAIYA",Govt. (Society),100,100,
687,Uttar Pradesh,"Autonomous State Medical College kheri
UP",Govt.,100,100,
688,Uttar Pradesh,"AUTONOMOUS STATE MEDICAL COLLEGE
KUSHINAGAR UTTAR PRADESH",Govt.,100,100,
689,Uttar Pradesh,"Autonomous state Medical College
Lalitpur",Govt.,100,100,
690,Uttar Pradesh,"Autonomous State Medical College
Pratapgarh",Govt.,100,100,
691,Uttar Pradesh,"Autonomous State Medical College
Society Ghazipur",Govt.,100,100,
692,Uttar Pradesh,"Autonomous State Medical College
Society, Etah, Uttar Pradesh",Govt.,100,100,
693,Uttar Pradesh,"Autonomous State Medical College
Society, Fatehpur",Govt.,100,100,
694,Uttar Pradesh,"Autonomous State Medical College
Society, Hardoi",Govt.,100,100,
695,Uttar Pradesh,"Autonomous State Medical College,
Gonda",Govt.,100,100,
696,Uttar Pradesh,"AUTONOMOUS STATE MEDICAL COLLEGE,
KANPUR DEHAT",Govt.,100,100,
697,Uttar Pradesh,"Autonomous State Medical College,
Kaushambi",Govt.,100,100,
698,Uttar Pradesh,"Autonomous state medical College,
pilibhit, u.p.",Govt.,100,100,
699,Uttar Pradesh,"Autonomous State Medical College,
Siddharthnagar",Govt.,100,100,
700,Uttar Pradesh,"Autonomous State Medical College,
Sultanpur, UP",Govt.,100,100,
701,Uttar Pradesh,"Autonomous State Society Medical
College Mirzapur",Govt.,100,100,
702,Uttar Pradesh,"Baba Kinaram Autonomous State Medical
College",Govt. (Society),100,100,
703,Uttar Pradesh,"BRD Medical College, Gorakhpur",Govt.,150,150,
704,Uttar Pradesh,"CAREER INSTITUTE OF MEDICAL SCIENCES
AND HOSPITAL",Trust,150,150,
705,Uttar Pradesh,"DR B S KUSHWAH INSTITUTE OF MEDICAL
SCIENCES",Private,150,150,
706,Uttar Pradesh,"Dr. Ram Manohar Lohia Institute of
Medical Sciences,Lucknow",Govt.,200,200,
707,Uttar Pradesh,"ESIC Medical College and Hospital,
varanasi",Govt.,0,50,"Approval for New
Establishment
during AY:2025-26"
708,Uttar Pradesh,"Era Lucknow Medical College , Lucknow",Trust,200,250,
709,Uttar Pradesh,"F.H. Medical College & Hospital,
Etamdapur, Agra",Trust,150,250,
710,Uttar Pradesh,"G.S. Medical College & Hospital, Hapur, UP",Trust,250,250,
711,Uttar Pradesh,"Government Allopathic Medical College,
Banda, UP",Govt.,100,100,
712,Uttar Pradesh,"Government Institute of Medical Sciences
, Greater Noida",Govt. (Society),100,100,
713,Uttar Pradesh,"Government Medical College & Super
facility Hospital, Azamgarh",Govt.,100,100,
714,Uttar Pradesh,"Government Medical College, Badaun,
U.P.",Govt.,100,100,
715,Uttar Pradesh,"Government Medical College, Faizabad",Govt.,100,100,
716,Uttar Pradesh,"Government Medical College, Firozabad",Govt.,100,100,
717,Uttar Pradesh,"Government Medical College, Kannauj",Govt.,100,100,
718,Uttar Pradesh,"Government Medical College, Rampur,
Basti",Govt.,100,100,
719,Uttar Pradesh,"Government Medical College,
Shahjahanpur, UP",Govt.,100,100,
720,Uttar Pradesh,"GSVM Medical College, Kanpur",Govt.,250,250,
721,Uttar Pradesh,"Heritage Institute of Medical Sciences,
Varanasi",Private,200,200,
722,Uttar Pradesh,"Hind Institute of Medical Sciences ,
Barabanki",Trust,100,100,
723,Uttar Pradesh,"Hind Institute of Medical Sciences, Sitapur",Trust,150,150,
724,Uttar Pradesh,"Institute of Medical Sciences, BHU, Varansi",Govt.,100,100,
725,Uttar Pradesh,"Integral Institute of Medical Sciences &
Research, Lucknow",Private,150,200,
726,Uttar Pradesh,"Jawaharlal Nehru Medical College, Aligarh",Govt.,150,150,
727,Uttar Pradesh,"K.D. Medical College Hospital & Research
Centre, Mathura",Society,250,250,
728,Uttar Pradesh,"Kalyan Singh Government medical college,
Bulandshahr, UP",Govt.,100,100,
729,Uttar Pradesh,"King George Medical University, Lucknow",Govt.,250,250,
730,Uttar Pradesh,"KMC Medical College and Hospital
Maharajganj UP",Trust,150,200,
731,Uttar Pradesh,"Krishna Mohan Medical College &
Hospital, Mathura",Society,150,200,
732,Uttar Pradesh,"LLRM Medical College, Meerut",Govt.,150,150,
733,Uttar Pradesh,"Mahamaya Rajkiya Allopathic Medical
College, Ambedkarnagar",Govt.,100,100,
734,Uttar Pradesh,"Maharani Laxmi Bai Medical College,
Jhansi",Govt.,150,150,
735,Uttar Pradesh,"Maharshi Devraha Baba Autonomous
State Medical College, Deoria",Govt.,100,100,
736,Uttar Pradesh,"MAHATMA VIDUR AUTONOMOUS STATE
MEDICAL COLLEGE BIJNOR UP",Govt.,100,100,
737,Uttar Pradesh,"Mayo Institute of Medical Sciences,
Barabanki",Trust,250,250,
738,Uttar Pradesh,"Moti Lal Nehru Medical College, Allahabad",Govt.,200,200,
739,Uttar Pradesh,"Muzaffarnagar Medical College,
Muzaffarnagar",Trust,200,200,
740,Uttar Pradesh,"Naraina Medical College and Research
Centre",Society,150,250,
741,Uttar Pradesh,"National Capital Region Institute of
Medical Sciences, Meerut",Society,150,200,"Increase in seat is
subject to review
upon the outcome
of court/CBI case"
742,Uttar Pradesh,"Noida International Institute Of Medical
Sciences",Trust,150,150,
743,Uttar Pradesh,"Prasad Institute of Medical Sciences,
Lucknow",Trust,150,150,
744,Uttar Pradesh,"Rajkiya Allopathic Medical College,
Bahraich, UP",Govt.,100,100,
745,Uttar Pradesh,"Rajkiya Medical College Jalaun, Orai, Uttar
Pradesh",Govt.,100,100,
746,Uttar Pradesh,"Rajshree Medical Research Institute,
Bareilly",Trust,250,250,
747,Uttar Pradesh,"Rama Medical College and Hospital ,
Kanpur",Trust,150,150,
748,Uttar Pradesh,"Rama Medical College Hospital and
Research Centre, Hapur",Trust,250,250,
749,Uttar Pradesh,"Rohilkhand Medical College & Hospital,
Bareilly",Trust,250,250,
750,Uttar Pradesh,"S N Medical College, Agra",Govt.,200,200,
751,Uttar Pradesh,"Santosh Medical College, Ghaziabad",Trust,150,150,
752,Uttar Pradesh,"Saraswati Institute of Medical Sciences,
Hapur",Trust,250,250,
753,Uttar Pradesh,"Saraswati Medical College, Unnao, U.P.",Trust,150,150,
754,Uttar Pradesh,"School of Medical Sciences &
Research,Greater Noida",Trust,250,250,
755,Uttar Pradesh,"Shaikh-UL-Hind Maulana Mahmood Hasan
Medical College, Saharanpur",Govt.,100,100,
756,Uttar Pradesh,"SHRI GORAKSHNATH MEDICAL COLLEGE
HOSPITAL and RESEARCH CENTRE",Society,100,150,
757,Uttar Pradesh,"Shri Ram Murti Smarak Institute of
Medical Sciences, Bareilly",Trust,150,200,
758,Uttar Pradesh,"Shri Siddhi Vinayak Medical College and
Hospital, Sambhal, UP",Trust,50,150,
759,Uttar Pradesh,"SKS HOSPITAL MEDICAL COLLEGE AND
RESEARCH CENTRE, UP",Private,150,200,
760,Uttar Pradesh,"Subharti Medical College, Meerut",Trust,200,200,
761,Uttar Pradesh,"T S Misra Medical College & Hospital,
Amusi, Lucknow",Private,250,250,
762,Uttar Pradesh,"Teerthanker Mahaveer Medical College &
Research Center",Trust,250,250,
763,Uttar Pradesh,"Uma Nath Singh Autonomous State
Medical College Society Jaunpur",Govt.,100,100,
764,Uttar Pradesh,"United Institute of Medical Sciences,
Allahabad",Society,150,150,
765,Uttar Pradesh,"Uttar Pradesh University of Medical
Sciences, (Prev. UP Rural Inst.of
Med.Sc&R)",Govt.,200,200,
766,Uttar Pradesh,"Varun Arjun Medical College, Banthra,
Shahjahanpur",Trust,250,250,
767,Uttar Pradesh,"Venkateshwara Institute of Medical
Sciences, Gajraula",Trust,250,250,
768,Uttar Pradesh,"ESIC MEDICAL COLLEGE AND HOSPITAL, Noida",Govt.,0,50,"Approval for New
Establishment
during AY:2025-26"
769,Uttarakhand,"All India Institute of Medical Sciences,
Rishikesh",Govt.,125,125,
770,Uttarakhand,"Doon Medical College, Dehradun,
Uttarakhand",Govt.,150,150,
771,Uttarakhand,"Gautam Buddha Chikitsa Mahavidyalaya,
Dehradum",Trust,150,150,
772,Uttarakhand,"Government Medical College
(Prev.Uttarakhand Forest Hospital Trust
Med.Col.), Ha",Govt.,125,125,
773,Uttarakhand,Government Medical college Haridwar,Govt.,100,100,
774,Uttarakhand,"Graphic Era Institute of Medical Sciences,
Dehradun, Uttarakhand",Society,150,150,
775,Uttarakhand,"Himalayan Institute of Medical Sciences,
Dehradun",Trust,150,150,
776,Uttarakhand,"Shri Guru Ram Rai Institute of Medical &
Health Sciences, Dehradun",Society,150,250,
777,Uttarakhand,"Soban Singh jeena Government institute
of Medical science & Research, Almora",Govt.,100,100,
778,Uttarakhand,"Veer Chandra Singh Garhwali Govt.
Medical Sc. & Research Instt, Srinagar,
Pauri",Govt.,150,150,
779,West Bengal,"All India Institute of Medical Sciences,
Kalyani, Nadia",Govt.,125,125,
780,West Bengal,"Bankura Sammilani Medical College,
Bankura",Govt.,200,200,
781,West Bengal,"Barasat Government Medical College and
Hospital, Banamalipur, West Bengal",Govt.,100,100,
782,West Bengal,"Burdwan Medical College, Burdwan",Govt.,200,200,
783,West Bengal,"Calcutta National Medical College, Kolkata",Govt.,250,250,
784,West Bengal,"College of Medicine and JNM
Hospital,Kalyani,Nadia",Govt.,125,150,
785,West Bengal,"College of Medicine and Sagore Dutta
Hospital, Kolkata",Govt.,125,125,
786,West Bengal,"Coochbehar Government Medical College
& Hospital, Coochbehar, WB",Govt.,100,150,
787,West Bengal,"Diamond Harbour Government Medical
College and Hospital, West Bengal",Govt.,100,150,
788,West Bengal,"EAST WEST INSTITUTE OF MEDICAL
SCIENCES AND RESEARCH",Private,50,100,
789,West Bengal,"Employees State Insurance Corporation
Medical College, Joka, Kolkata",Govt.,125,150,
790,West Bengal,"Gouri Devi Institute of Medical Sciences
and Hospital, Durgapur",Society,200,200,
791,West Bengal,"Govt. Medical College, Kolkata",Govt.,250,250,
792,West Bengal,"ICARE Institute of Medical Sciences &
Research, Haldia, Purba Midanpore",Trust,150,150,
793,West Bengal,"Institute of Postgraduate Medical
Education & Research, Kolkata",Govt.,200,200,
794,West Bengal,"IQ-City Medical College, Burdwan",Trust,250,250,
795,West Bengal,"JAGANNATH GUPTA INSTITUTE OF
MEDICAL SCIENCES AND HOSPITAL",Trust,200,250,
796,West Bengal,"Jagannath Gupta Institute of Medical
Sciences & Hospital, North Kolkata",Trust,0,100,"Approval for New
Establishment
during AY:2025-26"
797,West Bengal,"JAKIR HOSSAIN MEDICAL COLLEGE AND
RESEARCH INSTITUTE",Trust,50,100,
798,West Bengal,"Jalpaiguri Government Medical College
and Hospital, Jalpaiguri, West Bengal",Govt.,100,100,
799,West Bengal,"Jhargram Government Medical College
And Hospital, WB",Govt.,100,100,
800,West Bengal,"JIS School Medical Science and Research,
Howrah, WB",Trust,150,150,
801,West Bengal,"JMN Medical College, Nadia, West Bengal",Trust,150,150,
802,West Bengal,"KPC Medical College,Jadavpur,Kolkata",Trust,200,200,
803,West Bengal,"Krishnanagar Institute of Medical
Science, Nadia, West Bengal",Private,100,150,
804,West Bengal,"Malda Medical College & Hospital, Malda",Govt.,125,125,
805,West Bengal,"Midnapore Medical College, Midnapore",Govt.,200,200,
806,West Bengal,"Murshidabad Medical College & Hospitals,
Murshidabad",Govt.,125,125,
807,West Bengal,"Nilratan Sircar Medical College, Kolkata",Govt.,250,250,
808,West Bengal,"North Bengal Medical College, Darjeeling",Govt.,200,200,
809,West Bengal,"Prafulla Chandra Sen Government Medical
College and Hospital",Govt.,100,100,
810,West Bengal,"Purulia Government Medical College &
Hospital",Govt.,100,150,
811,West Bengal,"Raiganj Government Medical College &
Hospital, Raiganj",Govt.,100,150,
812,West Bengal,"Rampurhat Government Medical College
& Hospital, Rampurhat",Govt.,100,150,
813,West Bengal,"RG Kar Medical College, Kolkata",Govt.,250,249,
814,West Bengal,SANTINIKETAN MEDICAL COLLEGE,Trust,150,150,
815,West Bengal,"Sarat Chandra Chattopadhyay
Government Medical College & Hospital,
Uluberia",Govt.,100,100,
816,West Bengal,"Shri Ramkrishna Institute of Medical
Sciences & Sanaka Hospitals, Durgapur",Trust,200,250,
817,West Bengal,"Tamralipto Government Medical College
& Hospital",Govt.,100,100,
818,West Bengal,RANIGANJ INSTITUTE OF MEDICAL SCIENCE,Private,0,100,"Approval for New
Establishment
during AY:2025-26"
819,West Bengal,PKG MEDICAL COLLEGE,Private,0,50,"Approval for New
Establishment
during AY:2025-26"
,,,,117750,129026,
,,"Actual new seats granted in AY 2025-26
(excluding 231 seats of AIIMS & JIPMER)",,,11501,
